{
    "hash": {
        "obj1": "Longshot",
        "obj2": "Longshot"
    },
    "logic_rules": {
        "glitchless": 100,
        "glitched": 0,
        "none": 0
    },
    "open_forest": {
        "open": 50,
        "closed_deku": 50,
        "closed": 0
    },
    "open_kakariko": {
        "open": 33.333333333333336,
        "zelda": 33.333333333333336,
        "closed": 33.333333333333336
    },
    "open_door_of_time": {
        "true": 50.0,
        "false": 50.0
    }, 
    "zora_fountain": {
        "closed": 33.333333333333336,
        "adult": 33.333333333333336,
        "open": 33.333333333333336
    },
    "gerudo_fortress": {
        "normal": 33.333333333333336,
        "fast": 33.333333333333336,
        "open": 33.333333333333336
    },
    "bridge": {
        "open": 16.666666666666668,
        "vanilla": 16.666666666666668,
        "stones": 16.666666666666668,
        "medallions": 16.666666666666668,
        "dungeons": 16.666666666666668,
        "tokens": 16.666666666666668
    },
    "bridge_medallions": {
        "1": 10,
        "2": 10,
        "3": 10,
        "4": 10,
        "5": 10,
        "6": 50
    },
    "bridge_stones": {
        "1": 25,
        "2": 25,
        "3": 50
    },
    "bridge_rewards": {
        "1": 6.25,
        "2": 6.25,
        "3": 6.25,
        "4": 6.25,
        "5": 6.25,
        "6": 6.25,
        "7": 6.25,
        "8": 6.25,
        "9": 50
    },
    "triforce_hunt": {
        "true": 14.28,
        "false": 85.72
    },
    "bombchus_in_logic": {
        "true": 50.0,
        "false": 50.0
    },
    "one_item_per_dungeon": {
        "true": 0,
        "false": 100
    },
    "trials_random": {
        "true": 100,
        "false": 0
    },
    "trials": {
        "0": 14.285714285714286,
        "1": 14.285714285714286,
        "2": 14.285714285714286,
        "3": 14.285714285714286,
        "4": 14.285714285714286,
        "5": 14.285714285714286,
        "6": 14.285714285714286
    },
    "starting_age": {
        "child": 0,
        "adult": 0,
        "random": 100
    },
    "shuffle_interior_entrances": {
        "off": 33.333333333333336,
        "simple": 33.333333333333336,
        "all": 33.333333333333336
    },
    "shuffle_grotto_entrances": {
        "true": 50.0,
        "false": 50.0
    },
    "shuffle_dungeon_entrances": {
        "true": 50.0,
        "false": 50.0
    },
    "shuffle_overworld_entrances": {
        "true": 40,
        "false": 60
    },
    "mix_entrance_pools": {
        "all": 0,
        "indoor": 40,
        "off": 60
    },
    "decouple_entrances": {
        "true": 0,
        "false": 100
    },
    "owl_drops": {
        "true": 50.0,
        "false": 50.0
    },
    "warp_songs": {
        "true": 50.0,
        "false": 50.0
    },
    "spawn_positions": {
        "true": 50.0,
        "false": 50.0
    },
    "mq_dungeons_random": {
        "true": 0.0,
        "false": 100
    },
    "mq_dungeons": {
        "0": 50.0,
        "1": 25.0,
        "2": 12.5,
        "3": 6.25,
        "4": 3.125,
        "5": 1.5625,
        "6": 0.78125,
        "7": 0.390625,
        "8": 0.1953125,
        "9": 0.09765625,
        "10": 0.048828125,
        "11": 0.0244140625,
        "12": 0.01220703125
    },
    "shopsanity": {
        "off": 14.285714285714286,
        "0": 14.285714285714286,
        "1": 14.285714285714286,
        "2": 14.285714285714286,
        "3": 14.285714285714286,
        "4": 14.285714285714286,
        "random": 14.285714285714286
    },
    "tokensanity": {
        "off": 25.0,
        "dungeons": 25.0,
        "overworld": 25.0,
        "all": 25.0
    },
    "shuffle_scrubs": {
        "off": 33.333,
        "low": 33.333,
        "regular": 16.666,
        "random": 16.666
    },
    "shuffle_cows": {
        "true": 50.0,
        "false": 50.0
    },
    "shuffle_song_items": {
        "song": 33.333333333333336,
        "dungeon": 33.333333333333336,
        "any": 33.333333333333336
    },
    "shuffle_kokiri_sword": {
        "true": 50.0,
        "false": 50.0
    },
    "shuffle_ocarinas": {
        "true": 50.0,
        "false": 50.0
    },
    "shuffle_weird_egg": {
        "true": 50.0,
        "false": 50.0
    },
    "shuffle_gerudo_card": {
        "true": 50.0,
        "false": 50.0
    },
    "shuffle_beans": {
        "true": 50.0,
        "false": 50.0
    },
    "shuffle_medigoron_carpet_salesman": {
        "true": 50.0,
        "false": 50.0
    },
    "shuffle_mapcompass": {
        "remove": 14.28,
        "startwith": 14.28,
        "vanilla": 14.28,
        "dungeon": 14.28,
        "overworld": 14.28,
        "any_dungeon": 14.28,
        "keysanity": 14.28
    },
    "shuffle_smallkeys": {
        "remove": 16.66,
        "vanilla": 16.66,
        "dungeon": 16.66,
        "overworld": 16.66,
        "any_dungeon": 16.66,
        "keysanity": 16.66
    },
    "shuffle_fortresskeys": {
        "vanilla": 100,
        "overworld": 0,
        "any_dungeon": 0,
        "keysanity": 0
    },
    "shuffle_bosskeys": {
        "remove": 16.66,
        "vanilla": 16.66,
        "dungeon": 16.66,
        "overworld": 16.66,
        "any_dungeon": 16.66,
        "keysanity": 16.66
    },
    "shuffle_ganon_bosskey": {
        "remove": 14.28,
        "vanilla": 14.28,
        "dungeon": 14.28,
        "overworld": 4.76,
        "any_dungeon": 4.76,
        "keysanity": 4.76,
        "lacs_vanilla": 3.57,
        "lacs_medallions": 3.57,
        "lacs_stones": 3.57,
        "lacs_dungeons": 3.57,
        "lacs_tokens": 14.28
    },
    "lacs_medallions": {
        "1": 10,
        "2": 10,
        "3": 10,
        "4": 10,
        "5": 10,
        "6": 50
    },
    "lacs_stones": {
        "1": 25,
        "2": 25,
        "3": 50
    },
    "lacs_rewards": {
        "1": 6.25,
        "2": 6.25,
        "3": 6.25,
        "4": 6.25,
        "5": 6.25,
        "6": 6.25,
        "7": 6.25,
        "8": 6.25,
        "9": 50
    },
    "enhance_map_compass": {
        "true": 50.0,
        "false": 50.0
    },
    "all_reachable": {
        "true": 50.0,
        "false": 50.0
    },
    "logic_no_night_tokens_without_suns_song": {
        "true": 0,
        "false": 100
    },
    "skip_child_zelda": {
        "true": 50.0,
        "false": 50.0
    },
    "no_escape_sequence": {
        "true": 60.0,
        "false": 40.0
    },
    "no_guard_stealth": {
        "true": 60.0,
        "false": 40.0
    },
    "no_epona_race": {
        "true": 60.0,
        "false": 40.0
    },
    "skip_some_minigame_phases": {
        "true": 60.0,
        "false": 40.0
    },
    "useful_cutscenes": {
        "true": 0,
        "false": 100
    },
    "fast_chests": {
        "true": 100,
        "false": 0
    },
    "free_scarecrow": {
        "true": 50.0,
        "false": 50.0
    },
    "chicken_count_random": {
        "true": 100,
        "false": 0
    },
    "complete_mask_quest": {
        "true": 50.0,
        "false": 50.0
    },
    "chicken_count": {
        "0": 12.5,
        "1": 12.5,
        "2": 12.5,
        "3": 12.5,
        "4": 12.5,
        "5": 12.5,
        "6": 12.5,
        "7": 12.5
    },
    "big_poe_count_random": {
        "true": 100,
        "false": 0
    },
    "big_poe_count": {
        "1": 10,
        "2": 10,
        "3": 10,
        "4": 10,
        "5": 10,
        "6": 10,
        "7": 10,
        "8": 10,
        "9": 10,
        "10": 10
    },
    "ocarina_songs": {
        "true": 0,
        "false": 100
    },
    "correct_chest_sizes": {
        "true": 50.0,
        "false": 50.0
    },
    "fast_bunny_hood": {
        "true": 100,
        "false": 0
    },
    "clearer_hints": {
        "true": 100,
        "false": 0
    },
    "hints": {
        "none": 0,
        "mask": 12.5,
        "agony": 12.5,
        "always": 75
    },
    "hint_dist": {
        "balanced": 16.666666666666668,
        "bingo": 0,
        "scrubs": 0,